Болдырев;Олег;Владимирович;oleg@ya.ru
Селиванов;Игорь;Данилович;igor@ya.ru
Болдырев;Олег;Владимирович;oleg@ya.ru
Селиванов;Игорь;Данилович;igor@ya.ru
Болдырев;Олег;Владимирович;oleg@ya.ru
Селиванов;Игорь;Данилович;igor@ya.ru
Болдырев;Олег;Владимирович;oleg@ya.ru
Селиванов;Игорь;Данилович;igor@ya.ru
Болдырев;Олег;Владимирович;oleg@ya.ru
Селиванов;Игорь;Данилович;igor@ya.ru
Болдырев;Олег;Владимирович;oleg@ya.ru
Селиванов;Игорь;Данилович;igor@ya.ru
Болдырев;Олег;Владимирович;oleg@ya.ru
Селиванов;Игорь;Данилович;igor@ya.ru
Болдырев;Олег;Владимирович;oleg@ya.ru
Селиванов;Игорь;Данилович;igor@ya.ru
Болдырев;Олег;Владимирович;oleg@ya.ru
Селиванов;Игорь;Данилович;igor@ya.ru
Болдырев;Олег;Владимирович;oleg@ya.ru
Селиванов;Игорь;Данилович;igor@ya.ru
Болдырев;Олег;Владимирович;oleg@ya.ru
Селиванов;Игорь;Данилович;igor@ya.ru
Болдырев;Олег;Владимирович;oleg@ya.ru
Селиванов;Игорь;Данилович;igor@ya.ru